MSA_code,MSA_name,fips
10180,"Abilene, TX (Metropolitan Statistical Area)",48059
10180,"Abilene, TX (Metropolitan Statistical Area)",48253
10180,"Abilene, TX (Metropolitan Statistical Area)",48441
10420,"Akron, OH (Metropolitan Statistical Area)",39133
10420,"Akron, OH (Metropolitan Statistical Area)",39153
10500,"Albany, GA (Metropolitan Statistical Area)",13007
10500,"Albany, GA (Metropolitan Statistical Area)",13095
10500,"Albany, GA (Metropolitan Statistical Area)",13177
10500,"Albany, GA (Metropolitan Statistical Area)",13273
10500,"Albany, GA (Metropolitan Statistical Area)",13321
10540,"Albany, OR (Metropolitan Statistical Area)",41043
10580,"Albany-Schenectady-Troy, NY (Metropolitan Statistical Area)",36001
10580,"Albany-Schenectady-Troy, NY (Metropolitan Statistical Area)",36083
10580,"Albany-Schenectady-Troy, NY (Metropolitan Statistical Area)",36091
10580,"Albany-Schenectady-Troy, NY (Metropolitan Statistical Area)",36093
10580,"Albany-Schenectady-Troy, NY (Metropolitan Statistical Area)",36095
10740,"Albuquerque, NM (Metropolitan Statistical Area)",35001
10740,"Albuquerque, NM (Metropolitan Statistical Area)",35043
10740,"Albuquerque, NM (Metropolitan Statistical Area)",35057
10740,"Albuquerque, NM (Metropolitan Statistical Area)",35061
10780,"Alexandria, LA (Metropolitan Statistical Area)",22043
10780,"Alexandria, LA (Metropolitan Statistical Area)",22079
10900,"Allentown-Bethlehem-Easton, PA-NJ (Metropolitan Statistical Area)",34041
10900,"Allentown-Bethlehem-Easton, PA-NJ (Metropolitan Statistical Area)",42025
10900,"Allentown-Bethlehem-Easton, PA-NJ (Metropolitan Statistical Area)",42077
10900,"Allentown-Bethlehem-Easton, PA-NJ (Metropolitan Statistical Area)",42095
11020,"Altoona, PA (Metropolitan Statistical Area)",42013
11100,"Amarillo, TX (Metropolitan Statistical Area)",48011
11100,"Amarillo, TX (Metropolitan Statistical Area)",48065
11100,"Amarillo, TX (Metropolitan Statistical Area)",48359
11100,"Amarillo, TX (Metropolitan Statistical Area)",48375
11100,"Amarillo, TX (Metropolitan Statistical Area)",48381
11180,"Ames, IA (Metropolitan Statistical Area)",19169
11260,"Anchorage, AK (Metropolitan Statistical Area)",02020
11260,"Anchorage, AK (Metropolitan Statistical Area)",02170
11460,"Ann Arbor, MI (Metropolitan Statistical Area)",26161
11500,"Anniston-Oxford-Jacksonville, AL (Metropolitan Statistical Area)",01015
11540,"Appleton, WI (Metropolitan Statistical Area)",55015
11540,"Appleton, WI (Metropolitan Statistical Area)",55087
11700,"Asheville, NC (Metropolitan Statistical Area)",37021
11700,"Asheville, NC (Metropolitan Statistical Area)",37087
11700,"Asheville, NC (Metropolitan Statistical Area)",37089
11700,"Asheville, NC (Metropolitan Statistical Area)",37115
12020,"Athens-Clarke County, GA (Metropolitan Statistical Area)",13059
12020,"Athens-Clarke County, GA (Metropolitan Statistical Area)",13195
12020,"Athens-Clarke County, GA (Metropolitan Statistical Area)",13219
12020,"Athens-Clarke County, GA (Metropolitan Statistical Area)",13221
12060,"Atlanta-Sandy Springs-Roswell, GA (Metropolitan Statistical Area)",13013
12060,"Atlanta-Sandy Springs-Roswell, GA (Metropolitan Statistical Area)",13015
12060,"Atlanta-Sandy Springs-Roswell, GA (Metropolitan Statistical Area)",13035
12060,"Atlanta-Sandy Springs-Roswell, GA (Metropolitan Statistical Area)",13045
12060,"Atlanta-Sandy Springs-Roswell, GA (Metropolitan Statistical Area)",13057
12060,"Atlanta-Sandy Springs-Roswell, GA (Metropolitan Statistical Area)",13063
12060,"Atlanta-Sandy Springs-Roswell, GA (Metropolitan Statistical Area)",13067
12060,"Atlanta-Sandy Springs-Roswell, GA (Metropolitan Statistical Area)",13077
12060,"Atlanta-Sandy Springs-Roswell, GA (Metropolitan Statistical Area)",13085
12060,"Atlanta-Sandy Springs-Roswell, GA (Metropolitan Statistical Area)",13089
12060,"Atlanta-Sandy Springs-Roswell, GA (Metropolitan Statistical Area)",13097
12060,"Atlanta-Sandy Springs-Roswell, GA (Metropolitan Statistical Area)",13113
12060,"Atlanta-Sandy Springs-Roswell, GA (Metropolitan Statistical Area)",13117
12060,"Atlanta-Sandy Springs-Roswell, GA (Metropolitan Statistical Area)",13121
12060,"Atlanta-Sandy Springs-Roswell, GA (Metropolitan Statistical Area)",13135
12060,"Atlanta-Sandy Springs-Roswell, GA (Metropolitan Statistical Area)",13143
12060,"Atlanta-Sandy Springs-Roswell, GA (Metropolitan Statistical Area)",13149
12060,"Atlanta-Sandy Springs-Roswell, GA (Metropolitan Statistical Area)",13151
12060,"Atlanta-Sandy Springs-Roswell, GA (Metropolitan Statistical Area)",13159
12060,"Atlanta-Sandy Springs-Roswell, GA (Metropolitan Statistical Area)",13171
12060,"Atlanta-Sandy Springs-Roswell, GA (Metropolitan Statistical Area)",13199
12060,"Atlanta-Sandy Springs-Roswell, GA (Metropolitan Statistical Area)",13211
12060,"Atlanta-Sandy Springs-Roswell, GA (Metropolitan Statistical Area)",13217
12060,"Atlanta-Sandy Springs-Roswell, GA (Metropolitan Statistical Area)",13223
12060,"Atlanta-Sandy Springs-Roswell, GA (Metropolitan Statistical Area)",13227
12060,"Atlanta-Sandy Springs-Roswell, GA (Metropolitan Statistical Area)",13231
12060,"Atlanta-Sandy Springs-Roswell, GA (Metropolitan Statistical Area)",13247
12060,"Atlanta-Sandy Springs-Roswell, GA (Metropolitan Statistical Area)",13255
12060,"Atlanta-Sandy Springs-Roswell, GA (Metropolitan Statistical Area)",13297
12100,"Atlantic City-Hammonton, NJ (Metropolitan Statistical Area)",34001
12220,"Auburn-Opelika, AL (Metropolitan Statistical Area)",01081
12260,"Augusta-Richmond County, GA-SC (Metropolitan Statistical Area)",13033
12260,"Augusta-Richmond County, GA-SC (Metropolitan Statistical Area)",13073
12260,"Augusta-Richmond County, GA-SC (Metropolitan Statistical Area)",13181
12260,"Augusta-Richmond County, GA-SC (Metropolitan Statistical Area)",13189
12260,"Augusta-Richmond County, GA-SC (Metropolitan Statistical Area)",13245
12260,"Augusta-Richmond County, GA-SC (Metropolitan Statistical Area)",45003
12260,"Augusta-Richmond County, GA-SC (Metropolitan Statistical Area)",45037
12420,"Austin-Round Rock, TX (Metropolitan Statistical Area)",48021
12420,"Austin-Round Rock, TX (Metropolitan Statistical Area)",48055
12420,"Austin-Round Rock, TX (Metropolitan Statistical Area)",48209
12420,"Austin-Round Rock, TX (Metropolitan Statistical Area)",48453
12420,"Austin-Round Rock, TX (Metropolitan Statistical Area)",48491
12540,"Bakersfield, CA (Metropolitan Statistical Area)",06029
12580,"Baltimore-Columbia-Towson, MD (Metropolitan Statistical Area)",24003
12580,"Baltimore-Columbia-Towson, MD (Metropolitan Statistical Area)",24005
12580,"Baltimore-Columbia-Towson, MD (Metropolitan Statistical Area)",24013
12580,"Baltimore-Columbia-Towson, MD (Metropolitan Statistical Area)",24025
12580,"Baltimore-Columbia-Towson, MD (Metropolitan Statistical Area)",24027
12580,"Baltimore-Columbia-Towson, MD (Metropolitan Statistical Area)",24035
12580,"Baltimore-Columbia-Towson, MD (Metropolitan Statistical Area)",24510
12620,"Bangor, ME (Metropolitan Statistical Area)",23019
12700,"Barnstable Town, MA (Metropolitan Statistical Area)",25001
12940,"Baton Rouge, LA (Metropolitan Statistical Area)",22005
12940,"Baton Rouge, LA (Metropolitan Statistical Area)",22033
12940,"Baton Rouge, LA (Metropolitan Statistical Area)",22037
12940,"Baton Rouge, LA (Metropolitan Statistical Area)",22047
12940,"Baton Rouge, LA (Metropolitan Statistical Area)",22063
12940,"Baton Rouge, LA (Metropolitan Statistical Area)",22077
12940,"Baton Rouge, LA (Metropolitan Statistical Area)",22091
12940,"Baton Rouge, LA (Metropolitan Statistical Area)",22121
12940,"Baton Rouge, LA (Metropolitan Statistical Area)",22125
12980,"Battle Creek, MI (Metropolitan Statistical Area)",26025
13020,"Bay City, MI (Metropolitan Statistical Area)",26017
13140,"Beaumont-Port Arthur, TX (Metropolitan Statistical Area)",48199
13140,"Beaumont-Port Arthur, TX (Metropolitan Statistical Area)",48245
13140,"Beaumont-Port Arthur, TX (Metropolitan Statistical Area)",48351
13140,"Beaumont-Port Arthur, TX (Metropolitan Statistical Area)",48361
13220,"Beckley, WV (Metropolitan Statistical Area)",54019
13220,"Beckley, WV (Metropolitan Statistical Area)",54081
13380,"Bellingham, WA (Metropolitan Statistical Area)",53073
13460,"Bend-Redmond, OR (Metropolitan Statistical Area)",41017
13740,"Billings, MT (Metropolitan Statistical Area)",30009
13740,"Billings, MT (Metropolitan Statistical Area)",30037
13740,"Billings, MT (Metropolitan Statistical Area)",30111
13780,"Binghamton, NY (Metropolitan Statistical Area)",36007
13780,"Binghamton, NY (Metropolitan Statistical Area)",36107
13820,"Birmingham-Hoover, AL (Metropolitan Statistical Area)",01007
13820,"Birmingham-Hoover, AL (Metropolitan Statistical Area)",01009
13820,"Birmingham-Hoover, AL (Metropolitan Statistical Area)",01021
13820,"Birmingham-Hoover, AL (Metropolitan Statistical Area)",01073
13820,"Birmingham-Hoover, AL (Metropolitan Statistical Area)",01115
13820,"Birmingham-Hoover, AL (Metropolitan Statistical Area)",01117
13820,"Birmingham-Hoover, AL (Metropolitan Statistical Area)",01127
13900,"Bismarck, ND (Metropolitan Statistical Area)",38015
13900,"Bismarck, ND (Metropolitan Statistical Area)",38059
13900,"Bismarck, ND (Metropolitan Statistical Area)",38065
13900,"Bismarck, ND (Metropolitan Statistical Area)",38085
13980,"Blacksburg-Christiansburg-Radford, VA (Metropolitan Statistical Area)",51063
13980,"Blacksburg-Christiansburg-Radford, VA (Metropolitan Statistical Area)",51071
13980,"Blacksburg-Christiansburg-Radford, VA (Metropolitan Statistical Area)",51155
13980,"Blacksburg-Christiansburg-Radford, VA (Metropolitan Statistical Area)",51933
14010,"Bloomington, IL (Metropolitan Statistical Area)",17039
14010,"Bloomington, IL (Metropolitan Statistical Area)",17113
14020,"Bloomington, IN (Metropolitan Statistical Area)",18105
14020,"Bloomington, IN (Metropolitan Statistical Area)",18119
14100,"Bloomsburg-Berwick, PA (Metropolitan Statistical Area)",42037
14100,"Bloomsburg-Berwick, PA (Metropolitan Statistical Area)",42093
14260,"Boise City, ID (Metropolitan Statistical Area)",16001
14260,"Boise City, ID (Metropolitan Statistical Area)",16015
14260,"Boise City, ID (Metropolitan Statistical Area)",16027
14260,"Boise City, ID (Metropolitan Statistical Area)",16045
14260,"Boise City, ID (Metropolitan Statistical Area)",16073
14460,"Boston-Cambridge-Newton, MA-NH (Metropolitan Statistical Area)",25009
14460,"Boston-Cambridge-Newton, MA-NH (Metropolitan Statistical Area)",25017
14460,"Boston-Cambridge-Newton, MA-NH (Metropolitan Statistical Area)",25021
14460,"Boston-Cambridge-Newton, MA-NH (Metropolitan Statistical Area)",25023
14460,"Boston-Cambridge-Newton, MA-NH (Metropolitan Statistical Area)",25025
14460,"Boston-Cambridge-Newton, MA-NH (Metropolitan Statistical Area)",33015
14460,"Boston-Cambridge-Newton, MA-NH (Metropolitan Statistical Area)",33017
14500,"Boulder, CO (Metropolitan Statistical Area)",08013
14540,"Bowling Green, KY (Metropolitan Statistical Area)",21003
14540,"Bowling Green, KY (Metropolitan Statistical Area)",21031
14540,"Bowling Green, KY (Metropolitan Statistical Area)",21061
14540,"Bowling Green, KY (Metropolitan Statistical Area)",21227
14740,"Bremerton-Silverdale, WA (Metropolitan Statistical Area)",53035
14860,"Bridgeport-Stamford-Norwalk, CT (Metropolitan Statistical Area)",09001
15180,"Brownsville-Harlingen, TX (Metropolitan Statistical Area)",48061
15260,"Brunswick, GA (Metropolitan Statistical Area)",13025
15260,"Brunswick, GA (Metropolitan Statistical Area)",13127
15260,"Brunswick, GA (Metropolitan Statistical Area)",13191
15380,"Buffalo-Cheektowaga-Niagara Falls, NY (Metropolitan Statistical Area)",36029
15380,"Buffalo-Cheektowaga-Niagara Falls, NY (Metropolitan Statistical Area)",36063
15500,"Burlington, NC (Metropolitan Statistical Area)",37001
15540,"Burlington-South Burlington, VT (Metropolitan Statistical Area)",50007
15540,"Burlington-South Burlington, VT (Metropolitan Statistical Area)",50011
15540,"Burlington-South Burlington, VT (Metropolitan Statistical Area)",50013
15680,"California-Lexington Park, MD (Metropolitan Statistical Area)",24037
15940,"Canton-Massillon, OH (Metropolitan Statistical Area)",39019
15940,"Canton-Massillon, OH (Metropolitan Statistical Area)",39151
15980,"Cape Coral-Fort Myers, FL (Metropolitan Statistical Area)",12071
16020,"Cape Girardeau, MO-IL (Metropolitan Statistical Area)",17003
16020,"Cape Girardeau, MO-IL (Metropolitan Statistical Area)",29017
16020,"Cape Girardeau, MO-IL (Metropolitan Statistical Area)",29031
16060,"Carbondale-Marion, IL (Metropolitan Statistical Area)",17077
16060,"Carbondale-Marion, IL (Metropolitan Statistical Area)",17199
16180,"Carson City, NV (Metropolitan Statistical Area)",32510
16220,"Casper, WY (Metropolitan Statistical Area)",56025
16300,"Cedar Rapids, IA (Metropolitan Statistical Area)",19011
16300,"Cedar Rapids, IA (Metropolitan Statistical Area)",19105
16300,"Cedar Rapids, IA (Metropolitan Statistical Area)",19113
16540,"Chambersburg-Waynesboro, PA (Metropolitan Statistical Area)",42055
16580,"Champaign-Urbana, IL (Metropolitan Statistical Area)",17019
16580,"Champaign-Urbana, IL (Metropolitan Statistical Area)",17053
16580,"Champaign-Urbana, IL (Metropolitan Statistical Area)",17147
16620,"Charleston, WV (Metropolitan Statistical Area)",54005
16620,"Charleston, WV (Metropolitan Statistical Area)",54015
16620,"Charleston, WV (Metropolitan Statistical Area)",54039
16700,"Charleston-North Charleston, SC (Metropolitan Statistical Area)",45015
16700,"Charleston-North Charleston, SC (Metropolitan Statistical Area)",45019
16700,"Charleston-North Charleston, SC (Metropolitan Statistical Area)",45035
16740,"Charlotte-Concord-Gastonia, NC-SC (Metropolitan Statistical Area)",37025
16740,"Charlotte-Concord-Gastonia, NC-SC (Metropolitan Statistical Area)",37071
16740,"Charlotte-Concord-Gastonia, NC-SC (Metropolitan Statistical Area)",37097
16740,"Charlotte-Concord-Gastonia, NC-SC (Metropolitan Statistical Area)",37109
16740,"Charlotte-Concord-Gastonia, NC-SC (Metropolitan Statistical Area)",37119
16740,"Charlotte-Concord-Gastonia, NC-SC (Metropolitan Statistical Area)",37159
16740,"Charlotte-Concord-Gastonia, NC-SC (Metropolitan Statistical Area)",37179
16740,"Charlotte-Concord-Gastonia, NC-SC (Metropolitan Statistical Area)",45023
16740,"Charlotte-Concord-Gastonia, NC-SC (Metropolitan Statistical Area)",45057
16740,"Charlotte-Concord-Gastonia, NC-SC (Metropolitan Statistical Area)",45091
16820,"Charlottesville, VA (Metropolitan Statistical Area)",51029
16820,"Charlottesville, VA (Metropolitan Statistical Area)",51065
16820,"Charlottesville, VA (Metropolitan Statistical Area)",51079
16820,"Charlottesville, VA (Metropolitan Statistical Area)",51125
16820,"Charlottesville, VA (Metropolitan Statistical Area)",51901
16860,"Chattanooga, TN-GA (Metropolitan Statistical Area)",13047
16860,"Chattanooga, TN-GA (Metropolitan Statistical Area)",13083
16860,"Chattanooga, TN-GA (Metropolitan Statistical Area)",13295
16860,"Chattanooga, TN-GA (Metropolitan Statistical Area)",47065
16860,"Chattanooga, TN-GA (Metropolitan Statistical Area)",47115
16860,"Chattanooga, TN-GA (Metropolitan Statistical Area)",47153
16940,"Cheyenne, WY (Metropolitan Statistical Area)",56021
16980,"Chicago-Naperville-Elgin, IL-IN-WI (Metropolitan Statistical Area)",17031
16980,"Chicago-Naperville-Elgin, IL-IN-WI (Metropolitan Statistical Area)",17037
16980,"Chicago-Naperville-Elgin, IL-IN-WI (Metropolitan Statistical Area)",17043
16980,"Chicago-Naperville-Elgin, IL-IN-WI (Metropolitan Statistical Area)",17063
16980,"Chicago-Naperville-Elgin, IL-IN-WI (Metropolitan Statistical Area)",17089
16980,"Chicago-Naperville-Elgin, IL-IN-WI (Metropolitan Statistical Area)",17093
16980,"Chicago-Naperville-Elgin, IL-IN-WI (Metropolitan Statistical Area)",17097
16980,"Chicago-Naperville-Elgin, IL-IN-WI (Metropolitan Statistical Area)",17111
16980,"Chicago-Naperville-Elgin, IL-IN-WI (Metropolitan Statistical Area)",17197
16980,"Chicago-Naperville-Elgin, IL-IN-WI (Metropolitan Statistical Area)",18073
16980,"Chicago-Naperville-Elgin, IL-IN-WI (Metropolitan Statistical Area)",18089
16980,"Chicago-Naperville-Elgin, IL-IN-WI (Metropolitan Statistical Area)",18111
16980,"Chicago-Naperville-Elgin, IL-IN-WI (Metropolitan Statistical Area)",18127
16980,"Chicago-Naperville-Elgin, IL-IN-WI (Metropolitan Statistical Area)",55059
17020,"Chico, CA (Metropolitan Statistical Area)",06007
17140,"Cincinnati, OH-KY-IN (Metropolitan Statistical Area)",18029
17140,"Cincinnati, OH-KY-IN (Metropolitan Statistical Area)",18115
17140,"Cincinnati, OH-KY-IN (Metropolitan Statistical Area)",18161
17140,"Cincinnati, OH-KY-IN (Metropolitan Statistical Area)",21015
17140,"Cincinnati, OH-KY-IN (Metropolitan Statistical Area)",21023
17140,"Cincinnati, OH-KY-IN (Metropolitan Statistical Area)",21037
17140,"Cincinnati, OH-KY-IN (Metropolitan Statistical Area)",21077
17140,"Cincinnati, OH-KY-IN (Metropolitan Statistical Area)",21081
17140,"Cincinnati, OH-KY-IN (Metropolitan Statistical Area)",21117
17140,"Cincinnati, OH-KY-IN (Metropolitan Statistical Area)",21191
17140,"Cincinnati, OH-KY-IN (Metropolitan Statistical Area)",39015
17140,"Cincinnati, OH-KY-IN (Metropolitan Statistical Area)",39017
17140,"Cincinnati, OH-KY-IN (Metropolitan Statistical Area)",39025
17140,"Cincinnati, OH-KY-IN (Metropolitan Statistical Area)",39061
17140,"Cincinnati, OH-KY-IN (Metropolitan Statistical Area)",39165
17300,"Clarksville, TN-KY (Metropolitan Statistical Area)",21047
17300,"Clarksville, TN-KY (Metropolitan Statistical Area)",21221
17300,"Clarksville, TN-KY (Metropolitan Statistical Area)",47125
17420,"Cleveland, TN (Metropolitan Statistical Area)",47011
17420,"Cleveland, TN (Metropolitan Statistical Area)",47139
17460,"Cleveland-Elyria, OH (Metropolitan Statistical Area)",39035
17460,"Cleveland-Elyria, OH (Metropolitan Statistical Area)",39055
17460,"Cleveland-Elyria, OH (Metropolitan Statistical Area)",39085
17460,"Cleveland-Elyria, OH (Metropolitan Statistical Area)",39093
17460,"Cleveland-Elyria, OH (Metropolitan Statistical Area)",39103
17660,"Coeur d'Alene, ID (Metropolitan Statistical Area)",16055
17780,"College Station-Bryan, TX (Metropolitan Statistical Area)",48041
17780,"College Station-Bryan, TX (Metropolitan Statistical Area)",48051
17780,"College Station-Bryan, TX (Metropolitan Statistical Area)",48395
17820,"Colorado Springs, CO (Metropolitan Statistical Area)",08041
17820,"Colorado Springs, CO (Metropolitan Statistical Area)",08119
17860,"Columbia, MO (Metropolitan Statistical Area)",29019
17900,"Columbia, SC (Metropolitan Statistical Area)",45017
17900,"Columbia, SC (Metropolitan Statistical Area)",45039
17900,"Columbia, SC (Metropolitan Statistical Area)",45055
17900,"Columbia, SC (Metropolitan Statistical Area)",45063
17900,"Columbia, SC (Metropolitan Statistical Area)",45079
17900,"Columbia, SC (Metropolitan Statistical Area)",45081
17980,"Columbus, GA-AL (Metropolitan Statistical Area)",01113
17980,"Columbus, GA-AL (Metropolitan Statistical Area)",13053
17980,"Columbus, GA-AL (Metropolitan Statistical Area)",13145
17980,"Columbus, GA-AL (Metropolitan Statistical Area)",13197
17980,"Columbus, GA-AL (Metropolitan Statistical Area)",13215
18020,"Columbus, IN (Metropolitan Statistical Area)",18005
18140,"Columbus, OH (Metropolitan Statistical Area)",39041
18140,"Columbus, OH (Metropolitan Statistical Area)",39045
18140,"Columbus, OH (Metropolitan Statistical Area)",39049
18140,"Columbus, OH (Metropolitan Statistical Area)",39073
18140,"Columbus, OH (Metropolitan Statistical Area)",39089
18140,"Columbus, OH (Metropolitan Statistical Area)",39097
18140,"Columbus, OH (Metropolitan Statistical Area)",39117
18140,"Columbus, OH (Metropolitan Statistical Area)",39127
18140,"Columbus, OH (Metropolitan Statistical Area)",39129
18140,"Columbus, OH (Metropolitan Statistical Area)",39159
18580,"Corpus Christi, TX (Metropolitan Statistical Area)",48007
18580,"Corpus Christi, TX (Metropolitan Statistical Area)",48355
18580,"Corpus Christi, TX (Metropolitan Statistical Area)",48409
18700,"Corvallis, OR (Metropolitan Statistical Area)",41003
18880,"Crestview-Fort Walton Beach-Destin, FL (Metropolitan Statistical Area)",12091
18880,"Crestview-Fort Walton Beach-Destin, FL (Metropolitan Statistical Area)",12131
19060,"Cumberland, MD-WV (Metropolitan Statistical Area)",24001
19060,"Cumberland, MD-WV (Metropolitan Statistical Area)",54057
19100,"Dallas-Fort Worth-Arlington, TX (Metropolitan Statistical Area)",48085
19100,"Dallas-Fort Worth-Arlington, TX (Metropolitan Statistical Area)",48113
19100,"Dallas-Fort Worth-Arlington, TX (Metropolitan Statistical Area)",48121
19100,"Dallas-Fort Worth-Arlington, TX (Metropolitan Statistical Area)",48139
19100,"Dallas-Fort Worth-Arlington, TX (Metropolitan Statistical Area)",48221
19100,"Dallas-Fort Worth-Arlington, TX (Metropolitan Statistical Area)",48231
19100,"Dallas-Fort Worth-Arlington, TX (Metropolitan Statistical Area)",48251
19100,"Dallas-Fort Worth-Arlington, TX (Metropolitan Statistical Area)",48257
19100,"Dallas-Fort Worth-Arlington, TX (Metropolitan Statistical Area)",48367
19100,"Dallas-Fort Worth-Arlington, TX (Metropolitan Statistical Area)",48397
19100,"Dallas-Fort Worth-Arlington, TX (Metropolitan Statistical Area)",48425
19100,"Dallas-Fort Worth-Arlington, TX (Metropolitan Statistical Area)",48439
19100,"Dallas-Fort Worth-Arlington, TX (Metropolitan Statistical Area)",48497
19140,"Dalton, GA (Metropolitan Statistical Area)",13213
19140,"Dalton, GA (Metropolitan Statistical Area)",13313
19180,"Danville, IL (Metropolitan Statistical Area)",17183
19300,"Daphne-Fairhope-Foley, AL (Metropolitan Statistical Area)",01003
19340,"Davenport-Moline-Rock Island, IA-IL (Metropolitan Statistical Area)",17073
19340,"Davenport-Moline-Rock Island, IA-IL (Metropolitan Statistical Area)",17131
19340,"Davenport-Moline-Rock Island, IA-IL (Metropolitan Statistical Area)",17161
19340,"Davenport-Moline-Rock Island, IA-IL (Metropolitan Statistical Area)",19163
19380,"Dayton, OH (Metropolitan Statistical Area)",39057
19380,"Dayton, OH (Metropolitan Statistical Area)",39109
19380,"Dayton, OH (Metropolitan Statistical Area)",39113
19460,"Decatur, AL (Metropolitan Statistical Area)",01079
19460,"Decatur, AL (Metropolitan Statistical Area)",01103
19500,"Decatur, IL (Metropolitan Statistical Area)",17115
19660,"Deltona-Daytona Beach-Ormond Beach, FL (Metropolitan Statistical Area)",12035
19660,"Deltona-Daytona Beach-Ormond Beach, FL (Metropolitan Statistical Area)",12127
19740,"Denver-Aurora-Lakewood, CO (Metropolitan Statistical Area)",08001
19740,"Denver-Aurora-Lakewood, CO (Metropolitan Statistical Area)",08005
19740,"Denver-Aurora-Lakewood, CO (Metropolitan Statistical Area)",08014
19740,"Denver-Aurora-Lakewood, CO (Metropolitan Statistical Area)",08019
19740,"Denver-Aurora-Lakewood, CO (Metropolitan Statistical Area)",08031
19740,"Denver-Aurora-Lakewood, CO (Metropolitan Statistical Area)",08035
19740,"Denver-Aurora-Lakewood, CO (Metropolitan Statistical Area)",08039
19740,"Denver-Aurora-Lakewood, CO (Metropolitan Statistical Area)",08047
19740,"Denver-Aurora-Lakewood, CO (Metropolitan Statistical Area)",08059
19740,"Denver-Aurora-Lakewood, CO (Metropolitan Statistical Area)",08093
19780,"Des Moines-West Des Moines, IA (Metropolitan Statistical Area)",19049
19780,"Des Moines-West Des Moines, IA (Metropolitan Statistical Area)",19077
19780,"Des Moines-West Des Moines, IA (Metropolitan Statistical Area)",19121
19780,"Des Moines-West Des Moines, IA (Metropolitan Statistical Area)",19153
19780,"Des Moines-West Des Moines, IA (Metropolitan Statistical Area)",19181
19820,"Detroit-Warren-Dearborn, MI (Metropolitan Statistical Area)",26087
19820,"Detroit-Warren-Dearborn, MI (Metropolitan Statistical Area)",26093
19820,"Detroit-Warren-Dearborn, MI (Metropolitan Statistical Area)",26099
19820,"Detroit-Warren-Dearborn, MI (Metropolitan Statistical Area)",26125
19820,"Detroit-Warren-Dearborn, MI (Metropolitan Statistical Area)",26147
19820,"Detroit-Warren-Dearborn, MI (Metropolitan Statistical Area)",26163
20020,"Dothan, AL (Metropolitan Statistical Area)",01061
20020,"Dothan, AL (Metropolitan Statistical Area)",01067
20020,"Dothan, AL (Metropolitan Statistical Area)",01069
20100,"Dover, DE (Metropolitan Statistical Area)",10001
20220,"Dubuque, IA (Metropolitan Statistical Area)",19061
20260,"Duluth, MN-WI (Metropolitan Statistical Area)",27017
20260,"Duluth, MN-WI (Metropolitan Statistical Area)",27137
20260,"Duluth, MN-WI (Metropolitan Statistical Area)",55031
20500,"Durham-Chapel Hill, NC (Metropolitan Statistical Area)",37037
20500,"Durham-Chapel Hill, NC (Metropolitan Statistical Area)",37063
20500,"Durham-Chapel Hill, NC (Metropolitan Statistical Area)",37135
20500,"Durham-Chapel Hill, NC (Metropolitan Statistical Area)",37145
20700,"East Stroudsburg, PA (Metropolitan Statistical Area)",42089
20740,"Eau Claire, WI (Metropolitan Statistical Area)",55017
20740,"Eau Claire, WI (Metropolitan Statistical Area)",55035
20940,"El Centro, CA (Metropolitan Statistical Area)",06025
21060,"Elizabethtown-Fort Knox, KY (Metropolitan Statistical Area)",21093
21060,"Elizabethtown-Fort Knox, KY (Metropolitan Statistical Area)",21123
21060,"Elizabethtown-Fort Knox, KY (Metropolitan Statistical Area)",21163
21140,"Elkhart-Goshen, IN (Metropolitan Statistical Area)",18039
21300,"Elmira, NY (Metropolitan Statistical Area)",36015
21340,"El Paso, TX (Metropolitan Statistical Area)",48141
21340,"El Paso, TX (Metropolitan Statistical Area)",48229
21420,"Enid, OK (Metropolitan Statistical Area)",40047
21500,"Erie, PA (Metropolitan Statistical Area)",42049
21660,"Eugene, OR (Metropolitan Statistical Area)",41039
21780,"Evansville, IN-KY (Metropolitan Statistical Area)",18129
21780,"Evansville, IN-KY (Metropolitan Statistical Area)",18163
21780,"Evansville, IN-KY (Metropolitan Statistical Area)",18173
21780,"Evansville, IN-KY (Metropolitan Statistical Area)",21101
21820,"Fairbanks, AK (Metropolitan Statistical Area)",02090
22020,"Fargo, ND-MN (Metropolitan Statistical Area)",27027
22020,"Fargo, ND-MN (Metropolitan Statistical Area)",38017
22140,"Farmington, NM (Metropolitan Statistical Area)",35045
22180,"Fayetteville, NC (Metropolitan Statistical Area)",37051
22180,"Fayetteville, NC (Metropolitan Statistical Area)",37093
22220,"Fayetteville-Springdale-Rogers, AR-MO (Metropolitan Statistical Area)",05007
22220,"Fayetteville-Springdale-Rogers, AR-MO (Metropolitan Statistical Area)",05087
22220,"Fayetteville-Springdale-Rogers, AR-MO (Metropolitan Statistical Area)",05143
22220,"Fayetteville-Springdale-Rogers, AR-MO (Metropolitan Statistical Area)",29119
22380,"Flagstaff, AZ (Metropolitan Statistical Area)",04005
22420,"Flint, MI (Metropolitan Statistical Area)",26049
22500,"Florence, SC (Metropolitan Statistical Area)",45031
22500,"Florence, SC (Metropolitan Statistical Area)",45041
22520,"Florence-Muscle Shoals, AL (Metropolitan Statistical Area)",01033
22520,"Florence-Muscle Shoals, AL (Metropolitan Statistical Area)",01077
22540,"Fond du Lac, WI (Metropolitan Statistical Area)",55039
22660,"Fort Collins, CO (Metropolitan Statistical Area)",08069
22900,"Fort Smith, AR-OK (Metropolitan Statistical Area)",05033
22900,"Fort Smith, AR-OK (Metropolitan Statistical Area)",05131
22900,"Fort Smith, AR-OK (Metropolitan Statistical Area)",40079
22900,"Fort Smith, AR-OK (Metropolitan Statistical Area)",40135
23060,"Fort Wayne, IN (Metropolitan Statistical Area)",18003
23060,"Fort Wayne, IN (Metropolitan Statistical Area)",18179
23060,"Fort Wayne, IN (Metropolitan Statistical Area)",18183
23420,"Fresno, CA (Metropolitan Statistical Area)",06019
23460,"Gadsden, AL (Metropolitan Statistical Area)",01055
23540,"Gainesville, FL (Metropolitan Statistical Area)",12001
23540,"Gainesville, FL (Metropolitan Statistical Area)",12041
23580,"Gainesville, GA (Metropolitan Statistical Area)",13139
23900,"Gettysburg, PA (Metropolitan Statistical Area)",42001
24020,"Glens Falls, NY (Metropolitan Statistical Area)",36113
24020,"Glens Falls, NY (Metropolitan Statistical Area)",36115
24140,"Goldsboro, NC (Metropolitan Statistical Area)",37191
24220,"Grand Forks, ND-MN (Metropolitan Statistical Area)",27119
24220,"Grand Forks, ND-MN (Metropolitan Statistical Area)",38035
24260,"Grand Island, NE (Metropolitan Statistical Area)",31079
24260,"Grand Island, NE (Metropolitan Statistical Area)",31081
24260,"Grand Island, NE (Metropolitan Statistical Area)",31093
24260,"Grand Island, NE (Metropolitan Statistical Area)",31121
24300,"Grand Junction, CO (Metropolitan Statistical Area)",08077
24340,"Grand Rapids-Wyoming, MI (Metropolitan Statistical Area)",26015
24340,"Grand Rapids-Wyoming, MI (Metropolitan Statistical Area)",26081
24340,"Grand Rapids-Wyoming, MI (Metropolitan Statistical Area)",26117
24340,"Grand Rapids-Wyoming, MI (Metropolitan Statistical Area)",26139
24420,"Grants Pass, OR (Metropolitan Statistical Area)",41033
24500,"Great Falls, MT (Metropolitan Statistical Area)",30013
24540,"Greeley, CO (Metropolitan Statistical Area)",08123
24580,"Green Bay, WI (Metropolitan Statistical Area)",55009
24580,"Green Bay, WI (Metropolitan Statistical Area)",55061
24580,"Green Bay, WI (Metropolitan Statistical Area)",55083
24660,"Greensboro-High Point, NC (Metropolitan Statistical Area)",37081
24660,"Greensboro-High Point, NC (Metropolitan Statistical Area)",37151
24660,"Greensboro-High Point, NC (Metropolitan Statistical Area)",37157
24780,"Greenville, NC (Metropolitan Statistical Area)",37147
24860,"Greenville-Anderson-Mauldin, SC (Metropolitan Statistical Area)",45007
24860,"Greenville-Anderson-Mauldin, SC (Metropolitan Statistical Area)",45045
24860,"Greenville-Anderson-Mauldin, SC (Metropolitan Statistical Area)",45059
24860,"Greenville-Anderson-Mauldin, SC (Metropolitan Statistical Area)",45077
25060,"Gulfport-Biloxi-Pascagoula, MS (Metropolitan Statistical Area)",28045
25060,"Gulfport-Biloxi-Pascagoula, MS (Metropolitan Statistical Area)",28047
25060,"Gulfport-Biloxi-Pascagoula, MS (Metropolitan Statistical Area)",28059
25180,"Hagerstown-Martinsburg, MD-WV (Metropolitan Statistical Area)",24043
25180,"Hagerstown-Martinsburg, MD-WV (Metropolitan Statistical Area)",54003
25220,"Hammond, LA (Metropolitan Statistical Area)",22105
25260,"Hanford-Corcoran, CA (Metropolitan Statistical Area)",06031
25420,"Harrisburg-Carlisle, PA (Metropolitan Statistical Area)",42041
25420,"Harrisburg-Carlisle, PA (Metropolitan Statistical Area)",42043
25420,"Harrisburg-Carlisle, PA (Metropolitan Statistical Area)",42099
25500,"Harrisonburg, VA (Metropolitan Statistical Area)",51947
25540,"Hartford-West Hartford-East Hartford, CT (Metropolitan Statistical Area)",09003
25540,"Hartford-West Hartford-East Hartford, CT (Metropolitan Statistical Area)",09007
25540,"Hartford-West Hartford-East Hartford, CT (Metropolitan Statistical Area)",09013
25620,"Hattiesburg, MS (Metropolitan Statistical Area)",28035
25620,"Hattiesburg, MS (Metropolitan Statistical Area)",28073
25620,"Hattiesburg, MS (Metropolitan Statistical Area)",28111
25860,"Hickory-Lenoir-Morganton, NC (Metropolitan Statistical Area)",37003
25860,"Hickory-Lenoir-Morganton, NC (Metropolitan Statistical Area)",37023
25860,"Hickory-Lenoir-Morganton, NC (Metropolitan Statistical Area)",37027
25860,"Hickory-Lenoir-Morganton, NC (Metropolitan Statistical Area)",37035
25940,"Hilton Head Island-Bluffton-Beaufort, SC (Metropolitan Statistical Area)",45013
25940,"Hilton Head Island-Bluffton-Beaufort, SC (Metropolitan Statistical Area)",45053
25980,"Hinesville, GA (Metropolitan Statistical Area)",13179
25980,"Hinesville, GA (Metropolitan Statistical Area)",13183
26140,"Homosassa Springs, FL (Metropolitan Statistical Area)",12017
26300,"Hot Springs, AR (Metropolitan Statistical Area)",05051
26380,"Houma-Thibodaux, LA (Metropolitan Statistical Area)",22057
26380,"Houma-Thibodaux, LA (Metropolitan Statistical Area)",22109
26420,"Houston-The Woodlands-Sugar Land, TX (Metropolitan Statistical Area)",48015
26420,"Houston-The Woodlands-Sugar Land, TX (Metropolitan Statistical Area)",48039
26420,"Houston-The Woodlands-Sugar Land, TX (Metropolitan Statistical Area)",48071
26420,"Houston-The Woodlands-Sugar Land, TX (Metropolitan Statistical Area)",48157
26420,"Houston-The Woodlands-Sugar Land, TX (Metropolitan Statistical Area)",48167
26420,"Houston-The Woodlands-Sugar Land, TX (Metropolitan Statistical Area)",48201
26420,"Houston-The Woodlands-Sugar Land, TX (Metropolitan Statistical Area)",48291
26420,"Houston-The Woodlands-Sugar Land, TX (Metropolitan Statistical Area)",48339
26420,"Houston-The Woodlands-Sugar Land, TX (Metropolitan Statistical Area)",48473
26580,"Huntington-Ashland, WV-KY-OH (Metropolitan Statistical Area)",21019
26580,"Huntington-Ashland, WV-KY-OH (Metropolitan Statistical Area)",21089
26580,"Huntington-Ashland, WV-KY-OH (Metropolitan Statistical Area)",39087
26580,"Huntington-Ashland, WV-KY-OH (Metropolitan Statistical Area)",54011
26580,"Huntington-Ashland, WV-KY-OH (Metropolitan Statistical Area)",54043
26580,"Huntington-Ashland, WV-KY-OH (Metropolitan Statistical Area)",54079
26580,"Huntington-Ashland, WV-KY-OH (Metropolitan Statistical Area)",54099
26620,"Huntsville, AL (Metropolitan Statistical Area)",01083
26620,"Huntsville, AL (Metropolitan Statistical Area)",01089
26820,"Idaho Falls, ID (Metropolitan Statistical Area)",16019
26820,"Idaho Falls, ID (Metropolitan Statistical Area)",16023
26820,"Idaho Falls, ID (Metropolitan Statistical Area)",16051
26900,"Indianapolis-Carmel-Anderson, IN (Metropolitan Statistical Area)",18011
26900,"Indianapolis-Carmel-Anderson, IN (Metropolitan Statistical Area)",18013
26900,"Indianapolis-Carmel-Anderson, IN (Metropolitan Statistical Area)",18057
26900,"Indianapolis-Carmel-Anderson, IN (Metropolitan Statistical Area)",18059
26900,"Indianapolis-Carmel-Anderson, IN (Metropolitan Statistical Area)",18063
26900,"Indianapolis-Carmel-Anderson, IN (Metropolitan Statistical Area)",18081
26900,"Indianapolis-Carmel-Anderson, IN (Metropolitan Statistical Area)",18095
26900,"Indianapolis-Carmel-Anderson, IN (Metropolitan Statistical Area)",18097
26900,"Indianapolis-Carmel-Anderson, IN (Metropolitan Statistical Area)",18109
26900,"Indianapolis-Carmel-Anderson, IN (Metropolitan Statistical Area)",18133
26900,"Indianapolis-Carmel-Anderson, IN (Metropolitan Statistical Area)",18145
26980,"Iowa City, IA (Metropolitan Statistical Area)",19103
26980,"Iowa City, IA (Metropolitan Statistical Area)",19183
27060,"Ithaca, NY (Metropolitan Statistical Area)",36109
27100,"Jackson, MI (Metropolitan Statistical Area)",26075
27140,"Jackson, MS (Metropolitan Statistical Area)",28029
27140,"Jackson, MS (Metropolitan Statistical Area)",28049
27140,"Jackson, MS (Metropolitan Statistical Area)",28089
27140,"Jackson, MS (Metropolitan Statistical Area)",28121
27140,"Jackson, MS (Metropolitan Statistical Area)",28127
27140,"Jackson, MS (Metropolitan Statistical Area)",28163
27180,"Jackson, TN (Metropolitan Statistical Area)",47023
27180,"Jackson, TN (Metropolitan Statistical Area)",47033
27180,"Jackson, TN (Metropolitan Statistical Area)",47113
27260,"Jacksonville, FL (Metropolitan Statistical Area)",12003
27260,"Jacksonville, FL (Metropolitan Statistical Area)",12019
27260,"Jacksonville, FL (Metropolitan Statistical Area)",12031
27260,"Jacksonville, FL (Metropolitan Statistical Area)",12089
27260,"Jacksonville, FL (Metropolitan Statistical Area)",12109
27340,"Jacksonville, NC (Metropolitan Statistical Area)",37133
27500,"Janesville-Beloit, WI (Metropolitan Statistical Area)",55105
27620,"Jefferson City, MO (Metropolitan Statistical Area)",29027
27620,"Jefferson City, MO (Metropolitan Statistical Area)",29051
27620,"Jefferson City, MO (Metropolitan Statistical Area)",29135
27620,"Jefferson City, MO (Metropolitan Statistical Area)",29151
27740,"Johnson City, TN (Metropolitan Statistical Area)",47019
27740,"Johnson City, TN (Metropolitan Statistical Area)",47171
27740,"Johnson City, TN (Metropolitan Statistical Area)",47179
27780,"Johnstown, PA (Metropolitan Statistical Area)",42021
27860,"Jonesboro, AR (Metropolitan Statistical Area)",05031
27860,"Jonesboro, AR (Metropolitan Statistical Area)",05111
27900,"Joplin, MO (Metropolitan Statistical Area)",29097
27900,"Joplin, MO (Metropolitan Statistical Area)",29145
27980,"Kahului-Wailuku-Lahaina, HI (Metropolitan Statistical Area)",15901
28020,"Kalamazoo-Portage, MI (Metropolitan Statistical Area)",26077
28020,"Kalamazoo-Portage, MI (Metropolitan Statistical Area)",26159
28100,"Kankakee, IL (Metropolitan Statistical Area)",17091
28140,"Kansas City, MO-KS (Metropolitan Statistical Area)",20091
28140,"Kansas City, MO-KS (Metropolitan Statistical Area)",20103
28140,"Kansas City, MO-KS (Metropolitan Statistical Area)",20107
28140,"Kansas City, MO-KS (Metropolitan Statistical Area)",20121
28140,"Kansas City, MO-KS (Metropolitan Statistical Area)",20209
28140,"Kansas City, MO-KS (Metropolitan Statistical Area)",29013
28140,"Kansas City, MO-KS (Metropolitan Statistical Area)",29025
28140,"Kansas City, MO-KS (Metropolitan Statistical Area)",29037
28140,"Kansas City, MO-KS (Metropolitan Statistical Area)",29047
28140,"Kansas City, MO-KS (Metropolitan Statistical Area)",29049
28140,"Kansas City, MO-KS (Metropolitan Statistical Area)",29095
28140,"Kansas City, MO-KS (Metropolitan Statistical Area)",29107
28140,"Kansas City, MO-KS (Metropolitan Statistical Area)",29165
28140,"Kansas City, MO-KS (Metropolitan Statistical Area)",29177
28420,"Kennewick-Richland, WA (Metropolitan Statistical Area)",53005
28420,"Kennewick-Richland, WA (Metropolitan Statistical Area)",53021
28660,"Killeen-Temple, TX (Metropolitan Statistical Area)",48027
28660,"Killeen-Temple, TX (Metropolitan Statistical Area)",48099
28660,"Killeen-Temple, TX (Metropolitan Statistical Area)",48281
28700,"Kingsport-Bristol-Bristol, TN-VA (Metropolitan Statistical Area)",47073
28700,"Kingsport-Bristol-Bristol, TN-VA (Metropolitan Statistical Area)",47163
28700,"Kingsport-Bristol-Bristol, TN-VA (Metropolitan Statistical Area)",51169
28700,"Kingsport-Bristol-Bristol, TN-VA (Metropolitan Statistical Area)",51953
28740,"Kingston, NY (Metropolitan Statistical Area)",36111
28940,"Knoxville, TN (Metropolitan Statistical Area)",47001
28940,"Knoxville, TN (Metropolitan Statistical Area)",47009
28940,"Knoxville, TN (Metropolitan Statistical Area)",47013
28940,"Knoxville, TN (Metropolitan Statistical Area)",47057
28940,"Knoxville, TN (Metropolitan Statistical Area)",47093
28940,"Knoxville, TN (Metropolitan Statistical Area)",47105
28940,"Knoxville, TN (Metropolitan Statistical Area)",47129
28940,"Knoxville, TN (Metropolitan Statistical Area)",47145
28940,"Knoxville, TN (Metropolitan Statistical Area)",47173
29020,"Kokomo, IN (Metropolitan Statistical Area)",18067
29100,"La Crosse-Onalaska, WI-MN (Metropolitan Statistical Area)",27055
29100,"La Crosse-Onalaska, WI-MN (Metropolitan Statistical Area)",55063
29180,"Lafayette, LA (Metropolitan Statistical Area)",22001
29180,"Lafayette, LA (Metropolitan Statistical Area)",22045
29180,"Lafayette, LA (Metropolitan Statistical Area)",22055
29180,"Lafayette, LA (Metropolitan Statistical Area)",22099
29180,"Lafayette, LA (Metropolitan Statistical Area)",22113
29200,"Lafayette-West Lafayette, IN (Metropolitan Statistical Area)",18007
29200,"Lafayette-West Lafayette, IN (Metropolitan Statistical Area)",18015
29200,"Lafayette-West Lafayette, IN (Metropolitan Statistical Area)",18157
29340,"Lake Charles, LA (Metropolitan Statistical Area)",22019
29340,"Lake Charles, LA (Metropolitan Statistical Area)",22023
29420,"Lake Havasu City-Kingman, AZ (Metropolitan Statistical Area)",04015
29460,"Lakeland-Winter Haven, FL (Metropolitan Statistical Area)",12105
29540,"Lancaster, PA (Metropolitan Statistical Area)",42071
29620,"Lansing-East Lansing, MI (Metropolitan Statistical Area)",26037
29620,"Lansing-East Lansing, MI (Metropolitan Statistical Area)",26045
29620,"Lansing-East Lansing, MI (Metropolitan Statistical Area)",26065
29700,"Laredo, TX (Metropolitan Statistical Area)",48479
29740,"Las Cruces, NM (Metropolitan Statistical Area)",35013
29820,"Las Vegas-Henderson-Paradise, NV (Metropolitan Statistical Area)",32003
29940,"Lawrence, KS (Metropolitan Statistical Area)",20045
30020,"Lawton, OK (Metropolitan Statistical Area)",40031
30020,"Lawton, OK (Metropolitan Statistical Area)",40033
30140,"Lebanon, PA (Metropolitan Statistical Area)",42075
30300,"Lewiston, ID-WA (Metropolitan Statistical Area)",16069
30300,"Lewiston, ID-WA (Metropolitan Statistical Area)",53003
30340,"Lewiston-Auburn, ME (Metropolitan Statistical Area)",23001
30460,"Lexington-Fayette, KY (Metropolitan Statistical Area)",21017
30460,"Lexington-Fayette, KY (Metropolitan Statistical Area)",21049
30460,"Lexington-Fayette, KY (Metropolitan Statistical Area)",21067
30460,"Lexington-Fayette, KY (Metropolitan Statistical Area)",21113
30460,"Lexington-Fayette, KY (Metropolitan Statistical Area)",21209
30460,"Lexington-Fayette, KY (Metropolitan Statistical Area)",21239
30620,"Lima, OH (Metropolitan Statistical Area)",39003
30700,"Lincoln, NE (Metropolitan Statistical Area)",31109
30700,"Lincoln, NE (Metropolitan Statistical Area)",31159
30780,"Little Rock-North Little Rock-Conway, AR (Metropolitan Statistical Area)",05045
30780,"Little Rock-North Little Rock-Conway, AR (Metropolitan Statistical Area)",05053
30780,"Little Rock-North Little Rock-Conway, AR (Metropolitan Statistical Area)",05085
30780,"Little Rock-North Little Rock-Conway, AR (Metropolitan Statistical Area)",05105
30780,"Little Rock-North Little Rock-Conway, AR (Metropolitan Statistical Area)",05119
30780,"Little Rock-North Little Rock-Conway, AR (Metropolitan Statistical Area)",05125
30860,"Logan, UT-ID (Metropolitan Statistical Area)",16041
30860,"Logan, UT-ID (Metropolitan Statistical Area)",49005
30980,"Longview, TX (Metropolitan Statistical Area)",48183
30980,"Longview, TX (Metropolitan Statistical Area)",48401
30980,"Longview, TX (Metropolitan Statistical Area)",48459
31020,"Longview, WA (Metropolitan Statistical Area)",53015
31080,"Los Angeles-Long Beach-Anaheim, CA (Metropolitan Statistical Area)",06037
31080,"Los Angeles-Long Beach-Anaheim, CA (Metropolitan Statistical Area)",06059
31140,"Louisville/Jefferson County, KY-IN (Metropolitan Statistical Area)",18019
31140,"Louisville/Jefferson County, KY-IN (Metropolitan Statistical Area)",18043
31140,"Louisville/Jefferson County, KY-IN (Metropolitan Statistical Area)",18061
31140,"Louisville/Jefferson County, KY-IN (Metropolitan Statistical Area)",18143
31140,"Louisville/Jefferson County, KY-IN (Metropolitan Statistical Area)",18175
31140,"Louisville/Jefferson County, KY-IN (Metropolitan Statistical Area)",21029
31140,"Louisville/Jefferson County, KY-IN (Metropolitan Statistical Area)",21103
31140,"Louisville/Jefferson County, KY-IN (Metropolitan Statistical Area)",21111
31140,"Louisville/Jefferson County, KY-IN (Metropolitan Statistical Area)",21185
31140,"Louisville/Jefferson County, KY-IN (Metropolitan Statistical Area)",21211
31140,"Louisville/Jefferson County, KY-IN (Metropolitan Statistical Area)",21215
31140,"Louisville/Jefferson County, KY-IN (Metropolitan Statistical Area)",21223
31180,"Lubbock, TX (Metropolitan Statistical Area)",48107
31180,"Lubbock, TX (Metropolitan Statistical Area)",48303
31180,"Lubbock, TX (Metropolitan Statistical Area)",48305
31340,"Lynchburg, VA (Metropolitan Statistical Area)",51009
31340,"Lynchburg, VA (Metropolitan Statistical Area)",51011
31340,"Lynchburg, VA (Metropolitan Statistical Area)",51019
31340,"Lynchburg, VA (Metropolitan Statistical Area)",51911
31420,"Macon-Bibb County, GA (Metropolitan Statistical Area)",13021
31420,"Macon-Bibb County, GA (Metropolitan Statistical Area)",13079
31420,"Macon-Bibb County, GA (Metropolitan Statistical Area)",13169
31420,"Macon-Bibb County, GA (Metropolitan Statistical Area)",13207
31420,"Macon-Bibb County, GA (Metropolitan Statistical Area)",13289
31460,"Madera, CA (Metropolitan Statistical Area)",06039
31540,"Madison, WI (Metropolitan Statistical Area)",55021
31540,"Madison, WI (Metropolitan Statistical Area)",55025
31540,"Madison, WI (Metropolitan Statistical Area)",55045
31540,"Madison, WI (Metropolitan Statistical Area)",55049
31700,"Manchester-Nashua, NH (Metropolitan Statistical Area)",33011
31740,"Manhattan, KS (Metropolitan Statistical Area)",20149
31740,"Manhattan, KS (Metropolitan Statistical Area)",20161
31860,"Mankato-North Mankato, MN (Metropolitan Statistical Area)",27013
31860,"Mankato-North Mankato, MN (Metropolitan Statistical Area)",27103
31900,"Mansfield, OH (Metropolitan Statistical Area)",39139
32580,"McAllen-Edinburg-Mission, TX (Metropolitan Statistical Area)",48215
32780,"Medford, OR (Metropolitan Statistical Area)",41029
32820,"Memphis, TN-MS-AR (Metropolitan Statistical Area)",05035
32820,"Memphis, TN-MS-AR (Metropolitan Statistical Area)",28009
32820,"Memphis, TN-MS-AR (Metropolitan Statistical Area)",28033
32820,"Memphis, TN-MS-AR (Metropolitan Statistical Area)",28093
32820,"Memphis, TN-MS-AR (Metropolitan Statistical Area)",28137
32820,"Memphis, TN-MS-AR (Metropolitan Statistical Area)",28143
32820,"Memphis, TN-MS-AR (Metropolitan Statistical Area)",47047
32820,"Memphis, TN-MS-AR (Metropolitan Statistical Area)",47157
32820,"Memphis, TN-MS-AR (Metropolitan Statistical Area)",47167
32900,"Merced, CA (Metropolitan Statistical Area)",06047
33100,"Miami-Fort Lauderdale-West Palm Beach, FL (Metropolitan Statistical Area)",12011
33100,"Miami-Fort Lauderdale-West Palm Beach, FL (Metropolitan Statistical Area)",12086
33100,"Miami-Fort Lauderdale-West Palm Beach, FL (Metropolitan Statistical Area)",12099
33140,"Michigan City-La Porte, IN (Metropolitan Statistical Area)",18091
33220,"Midland, MI (Metropolitan Statistical Area)",26111
33260,"Midland, TX (Metropolitan Statistical Area)",48317
33260,"Midland, TX (Metropolitan Statistical Area)",48329
33340,"Milwaukee-Waukesha-West Allis, WI (Metropolitan Statistical Area)",55079
33340,"Milwaukee-Waukesha-West Allis, WI (Metropolitan Statistical Area)",55089
33340,"Milwaukee-Waukesha-West Allis, WI (Metropolitan Statistical Area)",55131
33340,"Milwaukee-Waukesha-West Allis, WI (Metropolitan Statistical Area)",55133
33460,"Minneapolis-St. Paul-Bloomington, MN-WI (Metropolitan Statistical Area)",27003
33460,"Minneapolis-St. Paul-Bloomington, MN-WI (Metropolitan Statistical Area)",27019
33460,"Minneapolis-St. Paul-Bloomington, MN-WI (Metropolitan Statistical Area)",27025
33460,"Minneapolis-St. Paul-Bloomington, MN-WI (Metropolitan Statistical Area)",27037
33460,"Minneapolis-St. Paul-Bloomington, MN-WI (Metropolitan Statistical Area)",27053
33460,"Minneapolis-St. Paul-Bloomington, MN-WI (Metropolitan Statistical Area)",27059
33460,"Minneapolis-St. Paul-Bloomington, MN-WI (Metropolitan Statistical Area)",27079
33460,"Minneapolis-St. Paul-Bloomington, MN-WI (Metropolitan Statistical Area)",27095
33460,"Minneapolis-St. Paul-Bloomington, MN-WI (Metropolitan Statistical Area)",27123
33460,"Minneapolis-St. Paul-Bloomington, MN-WI (Metropolitan Statistical Area)",27139
33460,"Minneapolis-St. Paul-Bloomington, MN-WI (Metropolitan Statistical Area)",27141
33460,"Minneapolis-St. Paul-Bloomington, MN-WI (Metropolitan Statistical Area)",27143
33460,"Minneapolis-St. Paul-Bloomington, MN-WI (Metropolitan Statistical Area)",27163
33460,"Minneapolis-St. Paul-Bloomington, MN-WI (Metropolitan Statistical Area)",27171
33460,"Minneapolis-St. Paul-Bloomington, MN-WI (Metropolitan Statistical Area)",55093
33460,"Minneapolis-St. Paul-Bloomington, MN-WI (Metropolitan Statistical Area)",55109
33540,"Missoula, MT (Metropolitan Statistical Area)",30063
33660,"Mobile, AL (Metropolitan Statistical Area)",01097
33700,"Modesto, CA (Metropolitan Statistical Area)",06099
33740,"Monroe, LA (Metropolitan Statistical Area)",22073
33740,"Monroe, LA (Metropolitan Statistical Area)",22111
33780,"Monroe, MI (Metropolitan Statistical Area)",26115
33860,"Montgomery, AL (Metropolitan Statistical Area)",01001
33860,"Montgomery, AL (Metropolitan Statistical Area)",01051
33860,"Montgomery, AL (Metropolitan Statistical Area)",01085
33860,"Montgomery, AL (Metropolitan Statistical Area)",01101
34060,"Morgantown, WV (Metropolitan Statistical Area)",54061
34060,"Morgantown, WV (Metropolitan Statistical Area)",54077
34100,"Morristown, TN (Metropolitan Statistical Area)",47063
34100,"Morristown, TN (Metropolitan Statistical Area)",47089
34580,"Mount Vernon-Anacortes, WA (Metropolitan Statistical Area)",53057
34620,"Muncie, IN (Metropolitan Statistical Area)",18035
34740,"Muskegon, MI (Metropolitan Statistical Area)",26121
34820,"Myrtle Beach-Conway-North Myrtle Beach, SC-NC (Metropolitan Statistical Area)",37019
34820,"Myrtle Beach-Conway-North Myrtle Beach, SC-NC (Metropolitan Statistical Area)",45051
34900,"Napa, CA (Metropolitan Statistical Area)",06055
34940,"Naples-Immokalee-Marco Island, FL (Metropolitan Statistical Area)",12021
34980,"Nashville-Davidson--Murfreesboro--Franklin, TN (Metropolitan Statistical Area)",47015
34980,"Nashville-Davidson--Murfreesboro--Franklin, TN (Metropolitan Statistical Area)",47021
34980,"Nashville-Davidson--Murfreesboro--Franklin, TN (Metropolitan Statistical Area)",47037
34980,"Nashville-Davidson--Murfreesboro--Franklin, TN (Metropolitan Statistical Area)",47043
34980,"Nashville-Davidson--Murfreesboro--Franklin, TN (Metropolitan Statistical Area)",47081
34980,"Nashville-Davidson--Murfreesboro--Franklin, TN (Metropolitan Statistical Area)",47111
34980,"Nashville-Davidson--Murfreesboro--Franklin, TN (Metropolitan Statistical Area)",47119
34980,"Nashville-Davidson--Murfreesboro--Franklin, TN (Metropolitan Statistical Area)",47147
34980,"Nashville-Davidson--Murfreesboro--Franklin, TN (Metropolitan Statistical Area)",47149
34980,"Nashville-Davidson--Murfreesboro--Franklin, TN (Metropolitan Statistical Area)",47159
34980,"Nashville-Davidson--Murfreesboro--Franklin, TN (Metropolitan Statistical Area)",47165
34980,"Nashville-Davidson--Murfreesboro--Franklin, TN (Metropolitan Statistical Area)",47169
34980,"Nashville-Davidson--Murfreesboro--Franklin, TN (Metropolitan Statistical Area)",47187
34980,"Nashville-Davidson--Murfreesboro--Franklin, TN (Metropolitan Statistical Area)",47189
35100,"New Bern, NC (Metropolitan Statistical Area)",37049
35100,"New Bern, NC (Metropolitan Statistical Area)",37103
35100,"New Bern, NC (Metropolitan Statistical Area)",37137
35300,"New Haven-Milford, CT (Metropolitan Statistical Area)",09009
35380,"New Orleans-Metairie, LA (Metropolitan Statistical Area)",22051
35380,"New Orleans-Metairie, LA (Metropolitan Statistical Area)",22071
35380,"New Orleans-Metairie, LA (Metropolitan Statistical Area)",22075
35380,"New Orleans-Metairie, LA (Metropolitan Statistical Area)",22087
35380,"New Orleans-Metairie, LA (Metropolitan Statistical Area)",22089
35380,"New Orleans-Metairie, LA (Metropolitan Statistical Area)",22093
35380,"New Orleans-Metairie, LA (Metropolitan Statistical Area)",22095
35380,"New Orleans-Metairie, LA (Metropolitan Statistical Area)",22103
35620,"New York-Newark-Jersey City, NY-NJ-PA (Metropolitan Statistical Area)",34003
35620,"New York-Newark-Jersey City, NY-NJ-PA (Metropolitan Statistical Area)",34013
35620,"New York-Newark-Jersey City, NY-NJ-PA (Metropolitan Statistical Area)",34017
35620,"New York-Newark-Jersey City, NY-NJ-PA (Metropolitan Statistical Area)",34019
35620,"New York-Newark-Jersey City, NY-NJ-PA (Metropolitan Statistical Area)",34023
35620,"New York-Newark-Jersey City, NY-NJ-PA (Metropolitan Statistical Area)",34025
35620,"New York-Newark-Jersey City, NY-NJ-PA (Metropolitan Statistical Area)",34027
35620,"New York-Newark-Jersey City, NY-NJ-PA (Metropolitan Statistical Area)",34029
35620,"New York-Newark-Jersey City, NY-NJ-PA (Metropolitan Statistical Area)",34031
35620,"New York-Newark-Jersey City, NY-NJ-PA (Metropolitan Statistical Area)",34035
35620,"New York-Newark-Jersey City, NY-NJ-PA (Metropolitan Statistical Area)",34037
35620,"New York-Newark-Jersey City, NY-NJ-PA (Metropolitan Statistical Area)",34039
35620,"New York-Newark-Jersey City, NY-NJ-PA (Metropolitan Statistical Area)",36005
35620,"New York-Newark-Jersey City, NY-NJ-PA (Metropolitan Statistical Area)",36027
35620,"New York-Newark-Jersey City, NY-NJ-PA (Metropolitan Statistical Area)",36047
35620,"New York-Newark-Jersey City, NY-NJ-PA (Metropolitan Statistical Area)",36059
35620,"New York-Newark-Jersey City, NY-NJ-PA (Metropolitan Statistical Area)",36061
35620,"New York-Newark-Jersey City, NY-NJ-PA (Metropolitan Statistical Area)",36071
35620,"New York-Newark-Jersey City, NY-NJ-PA (Metropolitan Statistical Area)",36079
35620,"New York-Newark-Jersey City, NY-NJ-PA (Metropolitan Statistical Area)",36081
35620,"New York-Newark-Jersey City, NY-NJ-PA (Metropolitan Statistical Area)",36085
35620,"New York-Newark-Jersey City, NY-NJ-PA (Metropolitan Statistical Area)",36087
35620,"New York-Newark-Jersey City, NY-NJ-PA (Metropolitan Statistical Area)",36103
35620,"New York-Newark-Jersey City, NY-NJ-PA (Metropolitan Statistical Area)",36119
35620,"New York-Newark-Jersey City, NY-NJ-PA (Metropolitan Statistical Area)",42103
35660,"Niles-Benton Harbor, MI (Metropolitan Statistical Area)",26021
35840,"North Port-Sarasota-Bradenton, FL (Metropolitan Statistical Area)",12081
35840,"North Port-Sarasota-Bradenton, FL (Metropolitan Statistical Area)",12115
35980,"Norwich-New London, CT (Metropolitan Statistical Area)",09011
36100,"Ocala, FL (Metropolitan Statistical Area)",12083
36140,"Ocean City, NJ (Metropolitan Statistical Area)",34009
36220,"Odessa, TX (Metropolitan Statistical Area)",48135
36260,"Ogden-Clearfield, UT (Metropolitan Statistical Area)",49003
36260,"Ogden-Clearfield, UT (Metropolitan Statistical Area)",49011
36260,"Ogden-Clearfield, UT (Metropolitan Statistical Area)",49029
36260,"Ogden-Clearfield, UT (Metropolitan Statistical Area)",49057
36420,"Oklahoma City, OK (Metropolitan Statistical Area)",40017
36420,"Oklahoma City, OK (Metropolitan Statistical Area)",40027
36420,"Oklahoma City, OK (Metropolitan Statistical Area)",40051
36420,"Oklahoma City, OK (Metropolitan Statistical Area)",40081
36420,"Oklahoma City, OK (Metropolitan Statistical Area)",40083
36420,"Oklahoma City, OK (Metropolitan Statistical Area)",40087
36420,"Oklahoma City, OK (Metropolitan Statistical Area)",40109
36500,"Olympia-Tumwater, WA (Metropolitan Statistical Area)",53067
36540,"Omaha-Council Bluffs, NE-IA (Metropolitan Statistical Area)",19085
36540,"Omaha-Council Bluffs, NE-IA (Metropolitan Statistical Area)",19129
36540,"Omaha-Council Bluffs, NE-IA (Metropolitan Statistical Area)",19155
36540,"Omaha-Council Bluffs, NE-IA (Metropolitan Statistical Area)",31025
36540,"Omaha-Council Bluffs, NE-IA (Metropolitan Statistical Area)",31055
36540,"Omaha-Council Bluffs, NE-IA (Metropolitan Statistical Area)",31153
36540,"Omaha-Council Bluffs, NE-IA (Metropolitan Statistical Area)",31155
36540,"Omaha-Council Bluffs, NE-IA (Metropolitan Statistical Area)",31177
36740,"Orlando-Kissimmee-Sanford, FL (Metropolitan Statistical Area)",12069
36740,"Orlando-Kissimmee-Sanford, FL (Metropolitan Statistical Area)",12095
36740,"Orlando-Kissimmee-Sanford, FL (Metropolitan Statistical Area)",12097
36740,"Orlando-Kissimmee-Sanford, FL (Metropolitan Statistical Area)",12117
36780,"Oshkosh-Neenah, WI (Metropolitan Statistical Area)",55139
36980,"Owensboro, KY (Metropolitan Statistical Area)",21059
36980,"Owensboro, KY (Metropolitan Statistical Area)",21091
36980,"Owensboro, KY (Metropolitan Statistical Area)",21149
37100,"Oxnard-Thousand Oaks-Ventura, CA (Metropolitan Statistical Area)",06111
37340,"Palm Bay-Melbourne-Titusville, FL (Metropolitan Statistical Area)",12009
37460,"Panama City, FL (Metropolitan Statistical Area)",12005
37460,"Panama City, FL (Metropolitan Statistical Area)",12045
37620,"Parkersburg-Vienna, WV (Metropolitan Statistical Area)",54105
37620,"Parkersburg-Vienna, WV (Metropolitan Statistical Area)",54107
37860,"Pensacola-Ferry Pass-Brent, FL (Metropolitan Statistical Area)",12033
37860,"Pensacola-Ferry Pass-Brent, FL (Metropolitan Statistical Area)",12113
37900,"Peoria, IL (Metropolitan Statistical Area)",17123
37900,"Peoria, IL (Metropolitan Statistical Area)",17143
37900,"Peoria, IL (Metropolitan Statistical Area)",17175
37900,"Peoria, IL (Metropolitan Statistical Area)",17179
37900,"Peoria, IL (Metropolitan Statistical Area)",17203
37980,"Philadelphia-Camden-Wilmington, PA-NJ-DE-MD (Metropolitan Statistical Area)",10003
37980,"Philadelphia-Camden-Wilmington, PA-NJ-DE-MD (Metropolitan Statistical Area)",24015
37980,"Philadelphia-Camden-Wilmington, PA-NJ-DE-MD (Metropolitan Statistical Area)",34005
37980,"Philadelphia-Camden-Wilmington, PA-NJ-DE-MD (Metropolitan Statistical Area)",34007
37980,"Philadelphia-Camden-Wilmington, PA-NJ-DE-MD (Metropolitan Statistical Area)",34015
37980,"Philadelphia-Camden-Wilmington, PA-NJ-DE-MD (Metropolitan Statistical Area)",34033
37980,"Philadelphia-Camden-Wilmington, PA-NJ-DE-MD (Metropolitan Statistical Area)",42017
37980,"Philadelphia-Camden-Wilmington, PA-NJ-DE-MD (Metropolitan Statistical Area)",42029
37980,"Philadelphia-Camden-Wilmington, PA-NJ-DE-MD (Metropolitan Statistical Area)",42045
37980,"Philadelphia-Camden-Wilmington, PA-NJ-DE-MD (Metropolitan Statistical Area)",42091
37980,"Philadelphia-Camden-Wilmington, PA-NJ-DE-MD (Metropolitan Statistical Area)",42101
38060,"Phoenix-Mesa-Scottsdale, AZ (Metropolitan Statistical Area)",04013
38060,"Phoenix-Mesa-Scottsdale, AZ (Metropolitan Statistical Area)",04021
38220,"Pine Bluff, AR (Metropolitan Statistical Area)",05025
38220,"Pine Bluff, AR (Metropolitan Statistical Area)",05069
38220,"Pine Bluff, AR (Metropolitan Statistical Area)",05079
38300,"Pittsburgh, PA (Metropolitan Statistical Area)",42003
38300,"Pittsburgh, PA (Metropolitan Statistical Area)",42005
38300,"Pittsburgh, PA (Metropolitan Statistical Area)",42007
38300,"Pittsburgh, PA (Metropolitan Statistical Area)",42019
38300,"Pittsburgh, PA (Metropolitan Statistical Area)",42051
38300,"Pittsburgh, PA (Metropolitan Statistical Area)",42125
38300,"Pittsburgh, PA (Metropolitan Statistical Area)",42129
38340,"Pittsfield, MA (Metropolitan Statistical Area)",25003
38540,"Pocatello, ID (Metropolitan Statistical Area)",16005
38860,"Portland-South Portland, ME (Metropolitan Statistical Area)",23005
38860,"Portland-South Portland, ME (Metropolitan Statistical Area)",23023
38860,"Portland-South Portland, ME (Metropolitan Statistical Area)",23031
38900,"Portland-Vancouver-Hillsboro, OR-WA (Metropolitan Statistical Area)",41005
38900,"Portland-Vancouver-Hillsboro, OR-WA (Metropolitan Statistical Area)",41009
38900,"Portland-Vancouver-Hillsboro, OR-WA (Metropolitan Statistical Area)",41051
38900,"Portland-Vancouver-Hillsboro, OR-WA (Metropolitan Statistical Area)",41067
38900,"Portland-Vancouver-Hillsboro, OR-WA (Metropolitan Statistical Area)",41071
38900,"Portland-Vancouver-Hillsboro, OR-WA (Metropolitan Statistical Area)",53011
38900,"Portland-Vancouver-Hillsboro, OR-WA (Metropolitan Statistical Area)",53059
38940,"Port St. Lucie, FL (Metropolitan Statistical Area)",12085
38940,"Port St. Lucie, FL (Metropolitan Statistical Area)",12111
39140,"Prescott, AZ (Metropolitan Statistical Area)",04025
39300,"Providence-Warwick, RI-MA (Metropolitan Statistical Area)",25005
39300,"Providence-Warwick, RI-MA (Metropolitan Statistical Area)",44001
39300,"Providence-Warwick, RI-MA (Metropolitan Statistical Area)",44003
39300,"Providence-Warwick, RI-MA (Metropolitan Statistical Area)",44005
39300,"Providence-Warwick, RI-MA (Metropolitan Statistical Area)",44007
39300,"Providence-Warwick, RI-MA (Metropolitan Statistical Area)",44009
39340,"Provo-Orem, UT (Metropolitan Statistical Area)",49023
39340,"Provo-Orem, UT (Metropolitan Statistical Area)",49049
39380,"Pueblo, CO (Metropolitan Statistical Area)",08101
39460,"Punta Gorda, FL (Metropolitan Statistical Area)",12015
39540,"Racine, WI (Metropolitan Statistical Area)",55101
39580,"Raleigh, NC (Metropolitan Statistical Area)",37069
39580,"Raleigh, NC (Metropolitan Statistical Area)",37101
39580,"Raleigh, NC (Metropolitan Statistical Area)",37183
39660,"Rapid City, SD (Metropolitan Statistical Area)",46033
39660,"Rapid City, SD (Metropolitan Statistical Area)",46093
39660,"Rapid City, SD (Metropolitan Statistical Area)",46103
39740,"Reading, PA (Metropolitan Statistical Area)",42011
39820,"Redding, CA (Metropolitan Statistical Area)",06089
39900,"Reno, NV (Metropolitan Statistical Area)",32029
39900,"Reno, NV (Metropolitan Statistical Area)",32031
40060,"Richmond, VA (Metropolitan Statistical Area)",51007
40060,"Richmond, VA (Metropolitan Statistical Area)",51033
40060,"Richmond, VA (Metropolitan Statistical Area)",51036
40060,"Richmond, VA (Metropolitan Statistical Area)",51041
40060,"Richmond, VA (Metropolitan Statistical Area)",51075
40060,"Richmond, VA (Metropolitan Statistical Area)",51085
40060,"Richmond, VA (Metropolitan Statistical Area)",51087
40060,"Richmond, VA (Metropolitan Statistical Area)",51101
40060,"Richmond, VA (Metropolitan Statistical Area)",51127
40060,"Richmond, VA (Metropolitan Statistical Area)",51145
40060,"Richmond, VA (Metropolitan Statistical Area)",51183
40060,"Richmond, VA (Metropolitan Statistical Area)",51760
40060,"Richmond, VA (Metropolitan Statistical Area)",51918
40060,"Richmond, VA (Metropolitan Statistical Area)",51941
40140,"Riverside-San Bernardino-Ontario, CA (Metropolitan Statistical Area)",06065
40140,"Riverside-San Bernardino-Ontario, CA (Metropolitan Statistical Area)",06071
40220,"Roanoke, VA (Metropolitan Statistical Area)",51023
40220,"Roanoke, VA (Metropolitan Statistical Area)",51045
40220,"Roanoke, VA (Metropolitan Statistical Area)",51067
40220,"Roanoke, VA (Metropolitan Statistical Area)",51770
40220,"Roanoke, VA (Metropolitan Statistical Area)",51944
40340,"Rochester, MN (Metropolitan Statistical Area)",27039
40340,"Rochester, MN (Metropolitan Statistical Area)",27045
40340,"Rochester, MN (Metropolitan Statistical Area)",27109
40340,"Rochester, MN (Metropolitan Statistical Area)",27157
40380,"Rochester, NY (Metropolitan Statistical Area)",36051
40380,"Rochester, NY (Metropolitan Statistical Area)",36055
40380,"Rochester, NY (Metropolitan Statistical Area)",36069
40380,"Rochester, NY (Metropolitan Statistical Area)",36073
40380,"Rochester, NY (Metropolitan Statistical Area)",36117
40380,"Rochester, NY (Metropolitan Statistical Area)",36123
40420,"Rockford, IL (Metropolitan Statistical Area)",17007
40420,"Rockford, IL (Metropolitan Statistical Area)",17201
40580,"Rocky Mount, NC (Metropolitan Statistical Area)",37065
40580,"Rocky Mount, NC (Metropolitan Statistical Area)",37127
40660,"Rome, GA (Metropolitan Statistical Area)",13115
40900,"Sacramento--Roseville--Arden-Arcade, CA (Metropolitan Statistical Area)",06017
40900,"Sacramento--Roseville--Arden-Arcade, CA (Metropolitan Statistical Area)",06061
40900,"Sacramento--Roseville--Arden-Arcade, CA (Metropolitan Statistical Area)",06067
40900,"Sacramento--Roseville--Arden-Arcade, CA (Metropolitan Statistical Area)",06113
40980,"Saginaw, MI (Metropolitan Statistical Area)",26145
41060,"St. Cloud, MN (Metropolitan Statistical Area)",27009
41060,"St. Cloud, MN (Metropolitan Statistical Area)",27145
41100,"St. George, UT (Metropolitan Statistical Area)",49053
41140,"St. Joseph, MO-KS (Metropolitan Statistical Area)",20043
41140,"St. Joseph, MO-KS (Metropolitan Statistical Area)",29003
41140,"St. Joseph, MO-KS (Metropolitan Statistical Area)",29021
41140,"St. Joseph, MO-KS (Metropolitan Statistical Area)",29063
41180,"St. Louis, MO-IL (Metropolitan Statistical Area)",17005
41180,"St. Louis, MO-IL (Metropolitan Statistical Area)",17013
41180,"St. Louis, MO-IL (Metropolitan Statistical Area)",17027
41180,"St. Louis, MO-IL (Metropolitan Statistical Area)",17083
41180,"St. Louis, MO-IL (Metropolitan Statistical Area)",17117
41180,"St. Louis, MO-IL (Metropolitan Statistical Area)",17119
41180,"St. Louis, MO-IL (Metropolitan Statistical Area)",17133
41180,"St. Louis, MO-IL (Metropolitan Statistical Area)",17163
41180,"St. Louis, MO-IL (Metropolitan Statistical Area)",29071
41180,"St. Louis, MO-IL (Metropolitan Statistical Area)",29099
41180,"St. Louis, MO-IL (Metropolitan Statistical Area)",29113
41180,"St. Louis, MO-IL (Metropolitan Statistical Area)",29183
41180,"St. Louis, MO-IL (Metropolitan Statistical Area)",29189
41180,"St. Louis, MO-IL (Metropolitan Statistical Area)",29219
41180,"St. Louis, MO-IL (Metropolitan Statistical Area)",29510
41420,"Salem, OR (Metropolitan Statistical Area)",41047
41420,"Salem, OR (Metropolitan Statistical Area)",41053
41500,"Salinas, CA (Metropolitan Statistical Area)",06053
41540,"Salisbury, MD-DE (Metropolitan Statistical Area)",10005
41540,"Salisbury, MD-DE (Metropolitan Statistical Area)",24039
41540,"Salisbury, MD-DE (Metropolitan Statistical Area)",24045
41540,"Salisbury, MD-DE (Metropolitan Statistical Area)",24047
41620,"Salt Lake City, UT (Metropolitan Statistical Area)",49035
41620,"Salt Lake City, UT (Metropolitan Statistical Area)",49045
41660,"San Angelo, TX (Metropolitan Statistical Area)",48235
41660,"San Angelo, TX (Metropolitan Statistical Area)",48451
41700,"San Antonio-New Braunfels, TX (Metropolitan Statistical Area)",48013
41700,"San Antonio-New Braunfels, TX (Metropolitan Statistical Area)",48019
41700,"San Antonio-New Braunfels, TX (Metropolitan Statistical Area)",48029
41700,"San Antonio-New Braunfels, TX (Metropolitan Statistical Area)",48091
41700,"San Antonio-New Braunfels, TX (Metropolitan Statistical Area)",48187
41700,"San Antonio-New Braunfels, TX (Metropolitan Statistical Area)",48259
41700,"San Antonio-New Braunfels, TX (Metropolitan Statistical Area)",48325
41700,"San Antonio-New Braunfels, TX (Metropolitan Statistical Area)",48493
41740,"San Diego-Carlsbad, CA (Metropolitan Statistical Area)",06073
41860,"San Francisco-Oakland-Hayward, CA (Metropolitan Statistical Area)",06001
41860,"San Francisco-Oakland-Hayward, CA (Metropolitan Statistical Area)",06013
41860,"San Francisco-Oakland-Hayward, CA (Metropolitan Statistical Area)",06041
41860,"San Francisco-Oakland-Hayward, CA (Metropolitan Statistical Area)",06075
41860,"San Francisco-Oakland-Hayward, CA (Metropolitan Statistical Area)",06081
41940,"San Jose-Sunnyvale-Santa Clara, CA (Metropolitan Statistical Area)",06069
41940,"San Jose-Sunnyvale-Santa Clara, CA (Metropolitan Statistical Area)",06085
42020,"San Luis Obispo-Paso Robles-Arroyo Grande, CA (Metropolitan Statistical Area)",06079
42100,"Santa Cruz-Watsonville, CA (Metropolitan Statistical Area)",06087
42140,"Santa Fe, NM (Metropolitan Statistical Area)",35049
42200,"Santa Maria-Santa Barbara, CA (Metropolitan Statistical Area)",06083
42220,"Santa Rosa, CA (Metropolitan Statistical Area)",06097
42340,"Savannah, GA (Metropolitan Statistical Area)",13029
42340,"Savannah, GA (Metropolitan Statistical Area)",13051
42340,"Savannah, GA (Metropolitan Statistical Area)",13103
42540,"Scranton--Wilkes-Barre--Hazleton, PA (Metropolitan Statistical Area)",42069
42540,"Scranton--Wilkes-Barre--Hazleton, PA (Metropolitan Statistical Area)",42079
42540,"Scranton--Wilkes-Barre--Hazleton, PA (Metropolitan Statistical Area)",42131
42660,"Seattle-Tacoma-Bellevue, WA (Metropolitan Statistical Area)",53033
42660,"Seattle-Tacoma-Bellevue, WA (Metropolitan Statistical Area)",53053
42660,"Seattle-Tacoma-Bellevue, WA (Metropolitan Statistical Area)",53061
42680,"Sebastian-Vero Beach, FL (Metropolitan Statistical Area)",12061
42700,"Sebring, FL (Metropolitan Statistical Area)",12055
43100,"Sheboygan, WI (Metropolitan Statistical Area)",55117
43300,"Sherman-Denison, TX (Metropolitan Statistical Area)",48181
43340,"Shreveport-Bossier City, LA (Metropolitan Statistical Area)",22015
43340,"Shreveport-Bossier City, LA (Metropolitan Statistical Area)",22017
43340,"Shreveport-Bossier City, LA (Metropolitan Statistical Area)",22031
43340,"Shreveport-Bossier City, LA (Metropolitan Statistical Area)",22119
43420,"Sierra Vista-Douglas, AZ (Metropolitan Statistical Area)",04003
43580,"Sioux City, IA-NE-SD (Metropolitan Statistical Area)",19149
43580,"Sioux City, IA-NE-SD (Metropolitan Statistical Area)",19193
43580,"Sioux City, IA-NE-SD (Metropolitan Statistical Area)",31043
43580,"Sioux City, IA-NE-SD (Metropolitan Statistical Area)",31051
43580,"Sioux City, IA-NE-SD (Metropolitan Statistical Area)",46127
43620,"Sioux Falls, SD (Metropolitan Statistical Area)",46083
43620,"Sioux Falls, SD (Metropolitan Statistical Area)",46087
43620,"Sioux Falls, SD (Metropolitan Statistical Area)",46099
43620,"Sioux Falls, SD (Metropolitan Statistical Area)",46125
43780,"South Bend-Mishawaka, IN-MI (Metropolitan Statistical Area)",18141
43780,"South Bend-Mishawaka, IN-MI (Metropolitan Statistical Area)",26027
43900,"Spartanburg, SC (Metropolitan Statistical Area)",45083
43900,"Spartanburg, SC (Metropolitan Statistical Area)",45087
44060,"Spokane-Spokane Valley, WA (Metropolitan Statistical Area)",53051
44060,"Spokane-Spokane Valley, WA (Metropolitan Statistical Area)",53063
44060,"Spokane-Spokane Valley, WA (Metropolitan Statistical Area)",53065
44100,"Springfield, IL (Metropolitan Statistical Area)",17129
44100,"Springfield, IL (Metropolitan Statistical Area)",17167
44140,"Springfield, MA (Metropolitan Statistical Area)",25013
44140,"Springfield, MA (Metropolitan Statistical Area)",25015
44180,"Springfield, MO (Metropolitan Statistical Area)",29043
44180,"Springfield, MO (Metropolitan Statistical Area)",29059
44180,"Springfield, MO (Metropolitan Statistical Area)",29077
44180,"Springfield, MO (Metropolitan Statistical Area)",29167
44180,"Springfield, MO (Metropolitan Statistical Area)",29225
44220,"Springfield, OH (Metropolitan Statistical Area)",39023
44300,"State College, PA (Metropolitan Statistical Area)",42027
44420,"Staunton-Waynesboro, VA (Metropolitan Statistical Area)",51907
44700,"Stockton-Lodi, CA (Metropolitan Statistical Area)",06077
44940,"Sumter, SC (Metropolitan Statistical Area)",45085
45060,"Syracuse, NY (Metropolitan Statistical Area)",36053
45060,"Syracuse, NY (Metropolitan Statistical Area)",36067
45060,"Syracuse, NY (Metropolitan Statistical Area)",36075
45220,"Tallahassee, FL (Metropolitan Statistical Area)",12039
45220,"Tallahassee, FL (Metropolitan Statistical Area)",12065
45220,"Tallahassee, FL (Metropolitan Statistical Area)",12073
45220,"Tallahassee, FL (Metropolitan Statistical Area)",12129
45300,"Tampa-St. Petersburg-Clearwater, FL (Metropolitan Statistical Area)",12053
45300,"Tampa-St. Petersburg-Clearwater, FL (Metropolitan Statistical Area)",12057
45300,"Tampa-St. Petersburg-Clearwater, FL (Metropolitan Statistical Area)",12101
45300,"Tampa-St. Petersburg-Clearwater, FL (Metropolitan Statistical Area)",12103
45460,"Terre Haute, IN (Metropolitan Statistical Area)",18021
45460,"Terre Haute, IN (Metropolitan Statistical Area)",18153
45460,"Terre Haute, IN (Metropolitan Statistical Area)",18165
45460,"Terre Haute, IN (Metropolitan Statistical Area)",18167
45500,"Texarkana, TX-AR (Metropolitan Statistical Area)",05081
45500,"Texarkana, TX-AR (Metropolitan Statistical Area)",05091
45500,"Texarkana, TX-AR (Metropolitan Statistical Area)",48037
45540,"The Villages, FL (Metropolitan Statistical Area)",12119
45780,"Toledo, OH (Metropolitan Statistical Area)",39051
45780,"Toledo, OH (Metropolitan Statistical Area)",39095
45780,"Toledo, OH (Metropolitan Statistical Area)",39173
45820,"Topeka, KS (Metropolitan Statistical Area)",20085
45820,"Topeka, KS (Metropolitan Statistical Area)",20087
45820,"Topeka, KS (Metropolitan Statistical Area)",20139
45820,"Topeka, KS (Metropolitan Statistical Area)",20177
45820,"Topeka, KS (Metropolitan Statistical Area)",20197
45940,"Trenton, NJ (Metropolitan Statistical Area)",34021
46060,"Tucson, AZ (Metropolitan Statistical Area)",04019
46140,"Tulsa, OK (Metropolitan Statistical Area)",40037
46140,"Tulsa, OK (Metropolitan Statistical Area)",40111
46140,"Tulsa, OK (Metropolitan Statistical Area)",40113
46140,"Tulsa, OK (Metropolitan Statistical Area)",40117
46140,"Tulsa, OK (Metropolitan Statistical Area)",40131
46140,"Tulsa, OK (Metropolitan Statistical Area)",40143
46140,"Tulsa, OK (Metropolitan Statistical Area)",40145
46220,"Tuscaloosa, AL (Metropolitan Statistical Area)",01065
46220,"Tuscaloosa, AL (Metropolitan Statistical Area)",01107
46220,"Tuscaloosa, AL (Metropolitan Statistical Area)",01125
46340,"Tyler, TX (Metropolitan Statistical Area)",48423
46520,"Urban Honolulu, HI (Metropolitan Statistical Area)",15003
46540,"Utica-Rome, NY (Metropolitan Statistical Area)",36043
46540,"Utica-Rome, NY (Metropolitan Statistical Area)",36065
46660,"Valdosta, GA (Metropolitan Statistical Area)",13027
46660,"Valdosta, GA (Metropolitan Statistical Area)",13101
46660,"Valdosta, GA (Metropolitan Statistical Area)",13173
46660,"Valdosta, GA (Metropolitan Statistical Area)",13185
46700,"Vallejo-Fairfield, CA (Metropolitan Statistical Area)",06095
47020,"Victoria, TX (Metropolitan Statistical Area)",48175
47020,"Victoria, TX (Metropolitan Statistical Area)",48469
47220,"Vineland-Bridgeton, NJ (Metropolitan Statistical Area)",34011
47260,"Virginia Beach-Norfolk-Newport News, VA-NC (Metropolitan Statistical Area)",37053
47260,"Virginia Beach-Norfolk-Newport News, VA-NC (Metropolitan Statistical Area)",37073
47260,"Virginia Beach-Norfolk-Newport News, VA-NC (Metropolitan Statistical Area)",51073
47260,"Virginia Beach-Norfolk-Newport News, VA-NC (Metropolitan Statistical Area)",51093
47260,"Virginia Beach-Norfolk-Newport News, VA-NC (Metropolitan Statistical Area)",51115
47260,"Virginia Beach-Norfolk-Newport News, VA-NC (Metropolitan Statistical Area)",51550
47260,"Virginia Beach-Norfolk-Newport News, VA-NC (Metropolitan Statistical Area)",51650
47260,"Virginia Beach-Norfolk-Newport News, VA-NC (Metropolitan Statistical Area)",51700
47260,"Virginia Beach-Norfolk-Newport News, VA-NC (Metropolitan Statistical Area)",51710
47260,"Virginia Beach-Norfolk-Newport News, VA-NC (Metropolitan Statistical Area)",51740
47260,"Virginia Beach-Norfolk-Newport News, VA-NC (Metropolitan Statistical Area)",51800
47260,"Virginia Beach-Norfolk-Newport News, VA-NC (Metropolitan Statistical Area)",51810
47260,"Virginia Beach-Norfolk-Newport News, VA-NC (Metropolitan Statistical Area)",51931
47260,"Virginia Beach-Norfolk-Newport News, VA-NC (Metropolitan Statistical Area)",51958
47300,"Visalia-Porterville, CA (Metropolitan Statistical Area)",06107
47380,"Waco, TX (Metropolitan Statistical Area)",48145
47380,"Waco, TX (Metropolitan Statistical Area)",48309
47460,"Walla Walla, WA (Metropolitan Statistical Area)",53013
47460,"Walla Walla, WA (Metropolitan Statistical Area)",53071
47580,"Warner Robins, GA (Metropolitan Statistical Area)",13153
47580,"Warner Robins, GA (Metropolitan Statistical Area)",13225
47580,"Warner Robins, GA (Metropolitan Statistical Area)",13235
47900,"Washington-Arlington-Alexandria, DC-VA-MD-WV (Metropolitan Statistical Area)",11001
47900,"Washington-Arlington-Alexandria, DC-VA-MD-WV (Metropolitan Statistical Area)",24009
47900,"Washington-Arlington-Alexandria, DC-VA-MD-WV (Metropolitan Statistical Area)",24017
47900,"Washington-Arlington-Alexandria, DC-VA-MD-WV (Metropolitan Statistical Area)",24021
47900,"Washington-Arlington-Alexandria, DC-VA-MD-WV (Metropolitan Statistical Area)",24031
47900,"Washington-Arlington-Alexandria, DC-VA-MD-WV (Metropolitan Statistical Area)",24033
47900,"Washington-Arlington-Alexandria, DC-VA-MD-WV (Metropolitan Statistical Area)",51013
47900,"Washington-Arlington-Alexandria, DC-VA-MD-WV (Metropolitan Statistical Area)",51043
47900,"Washington-Arlington-Alexandria, DC-VA-MD-WV (Metropolitan Statistical Area)",51047
47900,"Washington-Arlington-Alexandria, DC-VA-MD-WV (Metropolitan Statistical Area)",51061
47900,"Washington-Arlington-Alexandria, DC-VA-MD-WV (Metropolitan Statistical Area)",51107
47900,"Washington-Arlington-Alexandria, DC-VA-MD-WV (Metropolitan Statistical Area)",51157
47900,"Washington-Arlington-Alexandria, DC-VA-MD-WV (Metropolitan Statistical Area)",51179
47900,"Washington-Arlington-Alexandria, DC-VA-MD-WV (Metropolitan Statistical Area)",51187
47900,"Washington-Arlington-Alexandria, DC-VA-MD-WV (Metropolitan Statistical Area)",51510
47900,"Washington-Arlington-Alexandria, DC-VA-MD-WV (Metropolitan Statistical Area)",51919
47900,"Washington-Arlington-Alexandria, DC-VA-MD-WV (Metropolitan Statistical Area)",51942
47900,"Washington-Arlington-Alexandria, DC-VA-MD-WV (Metropolitan Statistical Area)",51951
47900,"Washington-Arlington-Alexandria, DC-VA-MD-WV (Metropolitan Statistical Area)",54037
47940,"Waterloo-Cedar Falls, IA (Metropolitan Statistical Area)",19013
47940,"Waterloo-Cedar Falls, IA (Metropolitan Statistical Area)",19017
47940,"Waterloo-Cedar Falls, IA (Metropolitan Statistical Area)",19075
48060,"Watertown-Fort Drum, NY (Metropolitan Statistical Area)",36045
48140,"Wausau, WI (Metropolitan Statistical Area)",55073
48260,"Weirton-Steubenville, WV-OH (Metropolitan Statistical Area)",39081
48260,"Weirton-Steubenville, WV-OH (Metropolitan Statistical Area)",54009
48260,"Weirton-Steubenville, WV-OH (Metropolitan Statistical Area)",54029
48300,"Wenatchee, WA (Metropolitan Statistical Area)",53007
48300,"Wenatchee, WA (Metropolitan Statistical Area)",53017
48540,"Wheeling, WV-OH (Metropolitan Statistical Area)",39013
48540,"Wheeling, WV-OH (Metropolitan Statistical Area)",54051
48540,"Wheeling, WV-OH (Metropolitan Statistical Area)",54069
48620,"Wichita, KS (Metropolitan Statistical Area)",20015
48620,"Wichita, KS (Metropolitan Statistical Area)",20079
48620,"Wichita, KS (Metropolitan Statistical Area)",20095
48620,"Wichita, KS (Metropolitan Statistical Area)",20173
48620,"Wichita, KS (Metropolitan Statistical Area)",20191
48660,"Wichita Falls, TX (Metropolitan Statistical Area)",48009
48660,"Wichita Falls, TX (Metropolitan Statistical Area)",48077
48660,"Wichita Falls, TX (Metropolitan Statistical Area)",48485
48700,"Williamsport, PA (Metropolitan Statistical Area)",42081
48900,"Wilmington, NC (Metropolitan Statistical Area)",37129
48900,"Wilmington, NC (Metropolitan Statistical Area)",37141
49020,"Winchester, VA-WV (Metropolitan Statistical Area)",51921
49020,"Winchester, VA-WV (Metropolitan Statistical Area)",54027
49180,"Winston-Salem, NC (Metropolitan Statistical Area)",37057
49180,"Winston-Salem, NC (Metropolitan Statistical Area)",37059
49180,"Winston-Salem, NC (Metropolitan Statistical Area)",37067
49180,"Winston-Salem, NC (Metropolitan Statistical Area)",37169
49180,"Winston-Salem, NC (Metropolitan Statistical Area)",37197
49340,"Worcester, MA-CT (Metropolitan Statistical Area)",09015
49340,"Worcester, MA-CT (Metropolitan Statistical Area)",25027
49420,"Yakima, WA (Metropolitan Statistical Area)",53077
49620,"York-Hanover, PA (Metropolitan Statistical Area)",42133
49660,"Youngstown-Warren-Boardman, OH-PA (Metropolitan Statistical Area)",39099
49660,"Youngstown-Warren-Boardman, OH-PA (Metropolitan Statistical Area)",39155
49660,"Youngstown-Warren-Boardman, OH-PA (Metropolitan Statistical Area)",42085
49700,"Yuba City, CA (Metropolitan Statistical Area)",06101
49700,"Yuba City, CA (Metropolitan Statistical Area)",06115
49740,"Yuma, AZ (Metropolitan Statistical Area)",04027
